Workbook

Sheet Sheet1
E4: Straight
C5: Run | D5: Speed (mph) | E5: Speed (kph) | F5: MAXABS IMPXTE (cm) | G5: AVGABS IMPXTE (cm) | L5: MAXABSIMPXTE | M5: STDIMPXTE
C6: 1 | D6: =ROUND(CONVERT(E6, "km","mi"),2) -> 1.24 | E6: 2 | F6: 3.6 | G6: 2.1
F7: 3.6 | G7: 1.7
F8: =AVERAGE(F6:F7) -> 3.6 | G8: =AVERAGE(G6:G7) -> 1.9
C9: 2 | D9: =ROUND(CONVERT(E9, "km","mi"),2) -> 3.11 | E9: 5 | F9: 4.9 | G9: 1.9
F10: 4.1 | G10: 1.4
F11: 5 | G11: 1.2
F12: =AVERAGE(F9:F11) -> 4.6666667 | G12: =AVERAGE(G9:G11) -> 1.5
C13: 3 | D13: =ROUND(CONVERT(E13, "km","mi"),2) -> 6.21 | E13: 10 | F13: 12.8 | G13: 3.4
F14: 13.7 | G14: 2.3
F15: 12.4 | G15: 2.3
F16: =AVERAGE(F13:F15) -> 12.966667 | G16: =AVERAGE(G13:G15) -> 2.6666667
C17: 4 | D17: =ROUND(CONVERT(E17, "km","mi"),2) -> 9.32 | E17: 15 | F17: 13.7 | G17: 3.7
F18: 9.8 | G18: 3
F19: 6.5 | G19: 2.3
F20: =AVERAGE(F17:F19) -> 10 | G20: =AVERAGE(G17:G19) -> 3
C21: 5 | D21: =ROUND(CONVERT(E21, "km","mi"),2) -> 12.43 | E21: 20 | F21: 8.5 | G21: 2.8
F22: 14.1 | G22: 4.5
F23: 19.5 | G23: 5.9
F24: =AVERAGE(F21:F23) -> 14.033333 | G24: =AVERAGE(G21:G23) -> 4.4
E25: Curve
C26: Run | D26: Speed (mph) | E26: Speed (kph) | F26: MAXABS IMPXTE (cm) | G26: AVGABS IMPXTE (cm)
C27: 6 | D27: 1deg/m - 5mph | E27: 8 | F27: 8.1 | G27: 2.1
F28: 6.2 | G28: 1.7
F29: 5.1 | G29: 1.5
F30: =AVERAGE(F27:F29) -> 6.4666667 | G30: =AVERAGE(G27:G29) -> 1.7666667
C31: 7 | D31: 2 deg/m - 5 mph | E31: 5 | F31: 9.7 | G31: 3
F32: 9.4 | G32: 2.9
F33: 9.2 | G33: 2.7
F34: =AVERAGE(F31:F33) -> 9.4333333 | G34: =AVERAGE(G31:G33) -> 2.8666667
C35: 8 | D35: 1 deg/m - 8 mph | E35: 12.8 | F35: 15.8 | G35: 4.9
F36: 25.1 | G36: 7.7
F37: 14.2 | G37: 6.6
F38: =AVERAGE(F35:F37) -> 18.366667 | G38: =AVERAGE(G35:G37) -> 6.4

Sheet CCH
C4: Straight | D4: Acceptance Criteria - TRACTOR CCH | E4: Perfomance metrics from Auto-guidance Online Engagement Report - OnlineAnalysis | F4: Acceptance Criteria - TRACTOR CCH | G4: Perfomance metrics from Auto-guidance Online Engagement Report - OnlineAnalysis
A5: Run | B5: Speed (mph) | C5: Speed (kph) | D5: Permitted MAXABS IMPXTE -average of maxes - 5cm | E5: MAXABSIMPXTE (cm) | F5: Permitted ABSAVG XTE (2.5 cm) | G5: AVGABSIMPXTE (cm)
A6: 1 | B6: =ROUND(CONVERT(C6, "km","mi"),2) -> 1.24 | C6: 2 | D6: 5 | E6: =Sheet1!F8 -> 3.6 | F6: 2.5 | G6: =Sheet1!G8 -> 1.9
A7: 2 | B7: =ROUND(CONVERT(C7, "km","mi"),2) -> 3.11 | C7: 5 | D7: 5 | E7: =Sheet1!F12 -> 4.6666667 | F7: 2.5 | G7: =Sheet1!G12 -> 1.5
A8: 3 | B8: =ROUND(CONVERT(C8, "km","mi"),2) -> 6.21 | C8: 10 | D8: 5 | E8: =Sheet1!F16 -> 12.966667 | F8: 2.5 | G8: =Sheet1!G16 -> 2.6666667
A9: 4 | B9: =ROUND(CONVERT(C9, "km","mi"),2) -> 9.32 | C9: 15 | D9: 5 | E9: =Sheet1!F20 -> 10 | F9: 2.5 | G9: =Sheet1!G20 -> 3
A10: 5 | B10: =ROUND(CONVERT(C10, "km","mi"),2) -> 12.43 | C10: 20 | D10: 5 | E10: =Sheet1!F24 -> 14.033333 | F10: 2.5 | G10: =Sheet1!G24 -> 4.4
C13: Curve | E13: Perfomance metrics from Auto-guidance Engagement Report - EngagedAnalysis | F13: Acceptance Criteria - TRACTOR CCH | G13: Perfomance metrics from Auto-guidance Engagement Report - EngagedAnalysis
A14: Run | B14: Speed (mph) | C14: Speed (kph) | D14: Permitted MAXABS IMPXTE -average of maxes - 5cm | E14: MAXABS IMPXTE (cm) | F14: Permitted ABSAVG XTE (2.5 cm) | G14: AVGABSIMPXTE (cm)
A15: 6 | B15: 5 | C15: 1 deg/m - 8 kph | D15: 5 | E15: =Sheet1!F30 -> 6.4666667 | F15: 2.5 | G15: 1.7666667
A16: 7 | B16: 5 | C16: 2 deg/m - 8 kph | D16: 5 | E16: =Sheet1!F34 -> 9.4333333 | F16: 2.5 | G16: 2.8666667
A17: 8 | B17: 8 | C17: 1 deg/m - 12.8 kph | D17: 5 | E17: =Sheet1!F38 -> 18.366667 | F17: 2.5 | G17: 6.4
C21: Parallel, key hole and U turn
A22: Run | B22: Speed (mph) | C22: Test | E22: Perfomance metrics from Auto-guidance Engagement Report - VehicleSettledAnalysis | G22: Perfomance metrics from Auto-guidance Engagement Report - VehicleSettledAnalysis
D23: Permitted MAXIMP XTE 12.7 cm) | E23: MAXABS IMPXTE (cm) | F23: Permitted ABSAVG XTE (5 cm) | G23: AVGABS IMPXTE (cm) | H23: ImplementSettlingTime (s)
A24: 9 | B24: 3.6 | C24: 5kph Parallel (4,6m) | D24: 12.7 | E24: 41.5 | F24: 5 | G24: 7.1 | H24: 8.95
A25: 10 | B25: 5 | C25: 8kph Parallel (4,6m) | D25: 12.7 | E25: 83 | F25: 5 | G25: 9.1 | H25: 6.05
A26: 11 | B26: 8 | C26: 13kph Parallel (4,6m) | D26: 12.7 | E26: 7.4 | F26: 5 | G26: 2.6 | H26: 3.9
A27: 12 | B27: 3.6 | C27: 5kph Keyhole 10ft | D27: 12.7 | E27: 63 | F27: 5 | G27: 8.2 | H27: 10.85
A28: 13 | B28: 3.6 | C28: 5kph Keyhole 25ft | D28: 12.7 | E28: 53.3 | F28: 5 | G28: 5.3 | H28: 10.1
A29: 14 | B29: 5 | C29: 8kph Keyhole 10ft | D29: 12.7 | E29: 50.1 | F29: 5 | G29: 12.9 | H29: None
A30: 15 | B30: 5 | C30: 8kph Keyhole 25ft | D30: 12.7 | E30: 41.5 | F30: 5 | G30: 11.8 | H30: None
A31: 16 | B31: 8 | C31: 13kph Keyhole 10ft | D31: 12.7 | E31: 5.9 | F31: 5 | G31: 1.9 | H31: 0.9
A32: 17 | B32: 8 | C32: 13kph Keyhole 25ft | D32: 12.7 | E32: 7.1 | F32: 5 | G32: 2.3 | H32: 1
A33: 18 | B33: 3.6 | C33: 5kph U-turn 10ft | D33: 12.7 | E33: 5 | F33: 5 | G33: 2.2 | H33: 5.85
A34: 19 | B34: 3.6 | C34: 5kph U-turn 30ft | D34: 12.7 | E34: 53.8 | F34: 5 | G34: 6 | H34: 14.3
A35: 20 | B35: 5 | C35: 8kph U-turn 10ft | D35: 12.7 | E35: 24.5 | F35: 5 | G35: 3 | H35: 9.3
A36: 21 | B36: 5 | C36: 8kph U-turn 30ft | D36: 12.7 | E36: 54.3 | F36: 5 | G36: 4.5 | H36: 6.25

Sheet CCH (2)
C4: Straight | D4: Acceptance Criteria - TRACTOR CCH | E4: Perfomance metrics from Auto-guidance Online Engagement Report - OnlineAnalysis | F4: Acceptance Criteria - TRACTOR CCH | G4: Perfomance metrics from Auto-guidance Online Engagement Report - OnlineAnalysis
A5: Run | B5: Speed (mph) | C5: Speed (kph) | D5: Permitted MAXIMP XTE 12.7 cm) | E5: MAXABSIMPXTE (cm) | F5: Permitted ABSAVG XTE (5 cm) | G5: AVGABSIMPXTE (cm)
A6: 1 | B6: =ROUND(CONVERT(C6, "km","mi"),2) -> 1.24 | C6: 2 | D6: 12.7 | E6: =Sheet1!F8 -> 3.6 | F6: 5 | G6: =Sheet1!G8 -> 1.9
A7: 2 | B7: =ROUND(CONVERT(C7, "km","mi"),2) -> 3.11 | C7: 5 | D7: 12.7 | E7: =Sheet1!F12 -> 4.6666667 | F7: 5 | G7: =Sheet1!G12 -> 1.5
A8: 3 | B8: =ROUND(CONVERT(C8, "km","mi"),2) -> 6.21 | C8: 10 | D8: 12.7 | E8: =Sheet1!F16 -> 12.966667 | F8: 5 | G8: =Sheet1!G16 -> 2.6666667
A9: 4 | B9: =ROUND(CONVERT(C9, "km","mi"),2) -> 9.32 | C9: 15 | D9: 12.7 | E9: =Sheet1!F20 -> 10 | F9: 5 | G9: =Sheet1!G20 -> 3
A10: 5 | B10: =ROUND(CONVERT(C10, "km","mi"),2) -> 12.43 | C10: 20 | D10: 12.7 | E10: =Sheet1!F24 -> 14.033333 | F10: 5 | G10: =Sheet1!G24 -> 4.4
C13: Curve | E13: Perfomance metrics from Auto-guidance Engagement Report - EngagedAnalysis | F13: Acceptance Criteria - TRACTOR CCH | G13: Perfomance metrics from Auto-guidance Engagement Report - EngagedAnalysis
A14: Run | B14: Speed (mph) | C14: Speed (kph) | D14: Permitted MAXIMP XTE 12.7 cm) | E14: MAXIMPXTE (cm) | F14: Permitted ABSAVG XTE (5 cm) | G14: AVGABSIMPXTE (cm)
A15: 6 | B15: 5 | C15: 1 deg/m - 8 kph | D15: 12.7 | E15: =Sheet1!F30 -> 6.4666667 | F15: 5 | G15: 1.7666667
A16: 7 | B16: 5 | C16: 2 deg/m - 8 kph | D16: 12.7 | E16: =Sheet1!F34 -> 9.4333333 | F16: 5 | G16: 2.8666667
A17: 8 | B17: 8 | C17: 1 deg/m - 12.8 kph | D17: 12.7 | E17: =Sheet1!F38 -> 18.366667 | F17: 5 | G17: 6.4
C19: AG Perfomance scenario: Parallel, key hole and U turn | D19: Results - PIG - 26.2.0.144 | E19: Results - PIG - 26.2.1.3
A20: Run | B20: Speed (mph) | C20: Test | D20: Perfomance metrics from Auto-guidance Engagement Report - VehicleSettledAnalysis | E20: Perfomance metrics from Auto-guidance Engagement Report - VehicleSettledAnalysis | F20: Acceptance Criteria - TRACTOR CCH | G20: Perfomance metrics from Auto-guidance Engagement Report - VehicleSettledAnalysis | H20: Acceptance Criteria - TRACTOR CCH | I20: Perfomance metrics from Auto-guidance Engagement Report - VehicleSettledAnalysis
D21: STDIMPXTE (cm) | E21: STDIMPXTE (cm) | F21: Permitted MAXIMP XTE 12.7 cm) | G21: MAXIMPXTE (cm) | H21: Permitted ABSAVG XTE (5 cm) | I21: AVGABSIMPXTE (cm)
A22: 9 | B22: 3.6 | C22: 5kph Parallel (4,6m) | D22: 8.3 | E22: 8.9 | F22: 12.7 | H22: 5
A23: 10 | B23: 5 | C23: 8kph Parallel (4,6m) | D23: 2.3 | E23: 17.2 | F23: 12.7 | H23: 5
A24: 11 | B24: 8 | C24: 13kph Parallel (4,6m) | D24: 2.7 | E24: 3 | F24: 12.7 | H24: 5
A25: 12 | B25: 3.6 | C25: 5kph Keyhole 10ft | D25: 1.6 | E25: 13.2 | F25: 12.7 | H25: 5
A26: 13 | B26: 3.6 | C26: 5kph Keyhole 25ft | D26: 9.4 | E26: 9.5 | F26: 12.7 | H26: 5
A27: 14 | B27: 5 | C27: 8kph Keyhole 10ft | D27: 10.5 | E27: 13.9 | F27: 12.7 | H27: 5
A28: 15 | B28: 5 | C28: 8kph Keyhole 25ft | D28: 19.4 | E28: 12.1 | F28: 12.7 | H28: 5
A29: 16 | B29: 8 | C29: 13kph Keyhole 10ft | D29: 2 | E29: 1.5 | F29: 12.7 | H29: 5
A30: 17 | B30: 8 | C30: 13kph Keyhole 25ft | D30: 2.2 | E30: 2.3 | F30: 12.7 | H30: 5
A31: 18 | B31: 3.6 | C31: 5kph U-turn 10ft | D31: 2.4 | E31: 1.6 | F31: 12.7 | H31: 5
A32: 19 | B32: 3.6 | C32: 5kph U-turn 30ft | D32: 14.1 | E32: 9.8 | F32: 12.7 | H32: 5
A33: 20 | B33: 5 | C33: 8kph U-turn 10ft | D33: 9 | E33: 4.3 | F33: 12.7 | H33: 5
A34: 21 | B34: 5 | C34: 8kph U-turn 30ft | D34: 14.3 | E34: 7.9 | F34: 12.7 | H34: 5
